,n_estimators,score,max_features,max_depth,ccp_alpha
model_1,125.0,0.8673961115270965,,,
model_4,125.0,0.8208989196855356,auto,6.0,0.0
model_5,125.0,0.8487394957983193,auto,15.0,0.0
model_6,125.0,0.8605063645754907,auto,35.0,0.0
model_2,,0.8671089614912028,auto,,
model_3,,0.8203256495636616,,5.0,
